{
      "3": {
            "best": 197,
            "all": [
                  [
                        89,
                        422.07609388840706
                  ],
                  [
                        144,
                        450.28744976102746
                  ],
                  [
                        178,
                        455.4663819857316
                  ],
                  [
                        191,
                        457.72274166708326
                  ],
                  [
                        194,
                        458.5392414481685
                  ],
                  [
                        196,
                        459.0552787636877
                  ],
                  [
                        197,
                        459.61313394556186
                  ],
                  [
                        198,
                        459.567562878785
                  ],
                  [
                        199,
                        457.8826108519353
                  ],
                  [
                        204,
                        -Infinity
                  ],
                  [
                        212,
                        -Infinity
                  ],
                  [
                        233,
                        -Infinity
                  ],
                  [
                        377,
                        -Infinity
                  ],
                  [
                        610,
                        -Infinity
                  ],
                  [
                        987,
                        -Infinity
                  ],
                  [
                        1597,
                        -Infinity
                  ]
            ]
      },
      "4": {
            "best": 110,
            "all": [
                  [
                        55,
                        217.58126720230078
                  ],
                  [
                        89,
                        233.36233652493885
                  ],
                  [
                        102,
                        237.21548672176274
                  ],
                  [
                        107,
                        238.3345016201167
                  ],
                  [
                        109,
                        238.40690508384338
                  ],
                  [
                        110,
                        238.7254534945204
                  ],
                  [
                        111,
                        -Infinity
                  ],
                  [
                        112,
                        -Infinity
                  ],
                  [
                        115,
                        -Infinity
                  ],
                  [
                        123,
                        -Infinity
                  ],
                  [
                        144,
                        -Infinity
                  ],
                  [
                        233,
                        -Infinity
                  ],
                  [
                        377,
                        -Infinity
                  ],
                  [
                        610,
                        -Infinity
                  ],
                  [
                        987,
                        -Infinity
                  ],
                  [
                        1597,
                        -Infinity
                  ]
            ]
      },
      "5": {
            "best": 75,
            "all": [
                  [
                        34,
                        133.82651059991895
                  ],
                  [
                        55,
                        145.47612878033473
                  ],
                  [
                        68,
                        149.03251756024858
                  ],
                  [
                        73,
                        150.5392143679448
                  ],
                  [
                        74,
                        150.8687791679139
                  ],
                  [
                        75,
                        151.1264173335178
                  ],
                  [
                        76,
                        150.94060617620082
                  ],
                  [
                        78,
                        -Infinity
                  ],
                  [
                        81,
                        -Infinity
                  ],
                  [
                        89,
                        -Infinity
                  ],
                  [
                        144,
                        -Infinity
                  ],
                  [
                        233,
                        -Infinity
                  ],
                  [
                        377,
                        -Infinity
                  ],
                  [
                        610,
                        -Infinity
                  ],
                  [
                        987,
                        -Infinity
                  ],
                  [
                        1597,
                        -Infinity
                  ]
            ]
      },
      "6": {
            "best": 57,
            "all": [
                  [
                        34,
                        100.03355710170837
                  ],
                  [
                        47,
                        105.80290108477442
                  ],
                  [
                        52,
                        107.33784077954456
                  ],
                  [
                        55,
                        108.00461010063465
                  ],
                  [
                        56,
                        108.33731599690151
                  ],
                  [
                        57,
                        108.74042611110691
                  ],
                  [
                        58,
                        -Infinity
                  ],
                  [
                        60,
                        -Infinity
                  ],
                  [
                        68,
                        -Infinity
                  ],
                  [
                        89,
                        -Infinity
                  ],
                  [
                        144,
                        -Infinity
                  ],
                  [
                        233,
                        -Infinity
                  ],
                  [
                        377,
                        -Infinity
                  ],
                  [
                        610,
                        -Infinity
                  ],
                  [
                        987,
                        -Infinity
                  ],
                  [
                        1597,
                        -Infinity
                  ]
            ]
      },
      "7": {
            "best": 43,