{
      "vals": {
            "champ": {
                  "instances": [
                        0,
                        500004,
                        1000008
                  ],
                  "bits": [
                        8.0338640625,
                        4.858435546875,
                        3.78659609375
                  ],
                  "microbatches": [
                        0,
                        13889,
                        27778
                  ]
            },
            "dyck": {
                  "instances": [
                        0,
                        500004,
                        1000008
                  ],
                  "bits": [
                        7.9242109375,
                        2.2332904296875,
                        1.63825283203125
                  ],
                  "microbatches": [
                        0,
                        13889,
                        27778
                  ]
            },
            "ndfa": {
                  "instances": [
                        0,
                        500004,
                        1000008
                  ],
                  "bits": [
                        8.1169828125,
                        5.162968359375,
                        4.12896015625
                  ],
                  "microbatches": [
                        0,
                        13889,
                        27778
                  ]
            },
            "toy": {
                  "instances": [
                        0,
                        500004,
                        1000008
                  ],
                  "bits": [
                        8.03265703125,
                        6.25644921875,
                        5.181557421875
                  ],
                  "microbatches": [
                        0,
                        13889,
                        27778
                  ]
            },
            "bits": {
                  "instances": [
                        0,
                        500004,
                        1000008
                  ],
                  "bits": [
                        8.18586640625,
                        1.718767578125,
                        1.3982208984375
                  ],
                  "microbatches": [
                        0,
                        13889,
                        27778
                  ]
            },
            "wp": {
                  "instances": [
                        0,
                        500004,
                        1000008
                  ],
                  "bits": [
                        8.0383375,
                        6.61122421875,
                        5.807801953125
                  ],
                  "microbatches": [
                        0,
                        13889,
                        27778
                  ]
            }
      },
      "locals": {
            "width": 640,
            "width_per_step": 128,
            "min_heads": 16,
            "width_per_head": 128,
            "context": 512,
            "temperature": 1,
            "target_microbatch_size": 36,
            "macrobatch_size": 500,
            "source_batch_mult": 2.0,
            "buffer_size_mult": 20,
            "batches": 300000,
            "reset_prob": 0.01,
            "width0": 640,
            "base_lr": 0.0003,
            "debug": false,
            "warmup": 1000000,
            "eval_every": 500000,
            "print_every": 500,
            "gc": 1.0,
            "eval_samples": 10000,
            "weight_mult1": 2,
            "weight_mult2": 4,
            "weight_multb": 4,
            "source_mask": true,
            "mask_prob_max": 0.7,
            "skip_eval": false,
            "eval_ood": true,
            "name": "scaling-640-o4-l3e-4-m36",
            "eval_batch_mult": 2.0,
            "cp_every": 500000,
            "dp": false,
            "mbwarmup": 1000000,
            "mb_min": 36,
            "mb_start": 500000,
            "old_init": false,
            "init_factor": 1,
            "skip_mup": false,
            "out_factor": 4,
            "weight_decay": 0.0,
            "sqrt_attn_scale": false,
            "attn_factor": 1.0,
            "source_width": null,
            "source_microbatch_size": 72,
            "nl_source": "relu",
            "nl_target": "relu",
            "kqnorm": false,
            "save_to": null,
            "depth_factor": 1.0,
            "unfreeze_time": 10000,
            "loglayers": [
                  1,
                  18,
                  22
            ],
            "count_flops": false,
            "depth": 26,
            "buffer_size": 1440,
            "heads": 16,
            "swidth": 640,
            "sdepth": 26,
            "sheads": 16,
            "wdname": "scaling-640-o4-l3e-4-m36",
            "wd": "<not serializable>",
            "datasets": {
                  "champ": "<not serializable>",
                  "dyck": "<not serializable>",
                  "ndfa": "<not serializable>",
                  "toy": "<not serializable>",
                  "bits": "<not serializable>",
                  "wp": "<not serializable>"
            },
            "scaler": "<not serializable>",
            "model": "<not serializable>",
            "opt": "<not serializable>",