{
      "vals": {
            "champ": {
                  "instances": [
                        0,
                        500032,
                        1000064,
                        1500096
                  ],
                  "bits": [
                        8.00124609375,
                        5.187194140625,
                        4.043090234375,
                        3.9738828125
                  ],
                  "microbatches": [
                        0,
                        15626,
                        31252,
                        46878
                  ]
            },
            "dyck": {
                  "instances": [
                        0,
                        500032,
                        1000064,
                        1500096
                  ],
                  "bits": [
                        8.3472328125,
                        2.18367890625,
                        1.6606884765625,
                        1.55952119140625
                  ],
                  "microbatches": [
                        0,
                        15626,
                        31252,
                        46878
                  ]
            },
            "ndfa": {
                  "instances": [
                        0,
                        500032,
                        1000064,
                        1500096
                  ],
                  "bits": [
                        7.96781796875,
                        5.626327734375,
                        4.26987578125,
                        4.12456953125
                  ],
                  "microbatches": [
                        0,
                        15626,
                        31252,
                        46878
                  ]
            },
            "toy": {
                  "instances": [
                        0,
                        500032,
                        1000064,
                        1500096
                  ],
                  "bits": [
                        7.99298984375,
                        6.0085609375,
                        5.25970546875,
                        5.03878125
                  ],
                  "microbatches": [
                        0,
                        15626,
                        31252,
                        46878
                  ]
            },
            "bits": {
                  "instances": [
                        0,
                        500032,
                        1000064,
                        1500096
                  ],
                  "bits": [
                        7.80890625,
                        1.8864876953125,
                        1.3490521484375,
                        1.3054876953125
                  ],
                  "microbatches": [
                        0,
                        15626,
                        31252,
                        46878
                  ]
            },
            "wp": {
                  "instances": [
                        0,
                        500032,
                        1000064,
                        1500096
                  ],
                  "bits": [
                        8.02156875,
                        6.404393359375,
                        5.790248046875,
                        5.7094703125
                  ],
                  "microbatches": [
                        0,
                        15626,
                        31252,
                        46878
                  ]
            }
      },
      "locals": {
            "width": 512,
            "width_per_step": 128,
            "min_heads": 16,
            "width_per_head": 128,
            "context": 512,
            "temperature": 1,
            "target_microbatch_size": 32,
            "macrobatch_size": 500,
            "source_batch_mult": 2.0,
            "buffer_size_mult": 20,
            "batches": 300000,
            "reset_prob": 0.01,
            "width0": 640,
            "base_lr": 0.0003,
            "debug": false,
            "warmup": 1000000,
            "eval_every": 500000,
            "print_every": 500,
            "gc": 1.0,
            "eval_samples": 10000,
            "weight_mult1": 2,
            "weight_mult2": 4,
            "weight_multb": 4,
            "source_mask": true,
            "mask_prob_max": 0.7,
            "skip_eval": false,
            "eval_ood": true,
            "name": "scaling-512-o4-l3e-4-m64",
            "eval_batch_mult": 2.0,
            "cp_every": 500000,
            "dp": false,
            "mbwarmup": 1000000,
            "mb_min": 64,
            "mb_start": 500000,
            "old_init": false,
            "init_factor": 1,
            "skip_mup": false,
            "out_factor": 4,
            "weight_decay": 0.0,
            "sqrt_attn_scale": false,
            "attn_factor": 1.0,
            "source_width": null,
            "source_microbatch_size": 64,
            "nl_source": "relu",
            "nl_target": "relu",
            "kqnorm": false,
            "save_to": null,
            "depth_factor": 1.0,
            "unfreeze_time": 10000,
            "loglayers": [
                  1,
                  18,
                  22
            ],
            "count_flops": false,
            "depth": 22,
            "buffer_size": 1280,
            "heads": 16,
            "swidth": 512,
            "sdepth": 22,
            "sheads": 16,
            "wdname": "scaling-512-o4-l3e-4-m64",
            "wd": "<not serializable>",
            "datasets": {
                  "champ": "<not serializable>",
                  "dyck": "<not serializable>",
                  "ndfa": "<not serializable>",
                  "toy": "<not serializable>",
                  "bits": "<not serializable>",
                  "wp": "<not serializable>"
            },
            "scaler": "<not serializable>",
            "model": "<not serializable>",
            "opt": "<not serializable>",