{
      "vals": {
            "champ": {
                  "instances": [
                        0,
                        500043,
                        1000086,
                        1500129,
                        2000172,
                        2500215,
                        3000258
                  ],
                  "bits": [
                        7.89967734375,
                        5.6828984375,
                        4.627119921875,
                        4.266765234375,
                        3.843116015625,
                        3.80520078125,
                        3.7473
                  ],
                  "microbatches": [
                        0,
                        7247,
                        14494,
                        21741,
                        28988,
                        36235,
                        43482
                  ]
            },
            "dyck": {
                  "instances": [
                        0,
                        500043,
                        1000086,
                        1500129,
                        2000172,
                        2500215,
                        3000258
                  ],
                  "bits": [
                        7.983259375,
                        2.7587578125,
                        2.3799521484375,
                        1.7320576171875,
                        1.6306166015625,
                        1.6475798828125,
                        1.614823828125
                  ],
                  "microbatches": [
                        0,
                        7247,
                        14494,
                        21741,
                        28988,
                        36235,
                        43482
                  ]
            },
            "ndfa": {
                  "instances": [
                        0,
                        500043,
                        1000086,
                        1500129,
                        2000172,
                        2500215,
                        3000258
                  ],
                  "bits": [
                        8.01793515625,
                        6.000745703125,
                        4.7972171875,
                        4.386503125,
                        4.1887890625,
                        4.165095703125,
                        4.135890234375
                  ],
                  "microbatches": [
                        0,
                        7247,
                        14494,
                        21741,
                        28988,
                        36235,
                        43482
                  ]
            },
            "toy": {
                  "instances": [
                        0,
                        500043,
                        1000086,
                        1500129,
                        2000172,
                        2500215,
                        3000258
                  ],
                  "bits": [
                        8.0393578125,
                        6.38931640625,
                        6.01841015625,
                        5.607605078125,
                        5.47310234375,
                        5.31163515625,
                        5.05443984375
                  ],
                  "microbatches": [
                        0,
                        7247,
                        14494,
                        21741,
                        28988,
                        36235,
                        43482
                  ]
            },
            "bits": {
                  "instances": [
                        0,
                        500043,
                        1000086,
                        1500129,
                        2000172,
                        2500215,
                        3000258
                  ],
                  "bits": [
                        7.97225703125,
                        3.068383984375,
                        1.7471892578125,
                        1.52058583984375,
                        1.32663349609375,
                        1.35401279296875,
                        1.49524345703125
                  ],
                  "microbatches": [
                        0,
                        7247,
                        14494,
                        21741,
                        28988,
                        36235,
                        43482
                  ]
            },
            "wp": {
                  "instances": [
                        0,
                        500043,
                        1000086,
                        1500129,
                        2000172,
                        2500215,
                        3000258
                  ],
                  "bits": [
                        8.05820859375,
                        7.0215984375,
                        6.448414453125,
                        6.076611328125,
                        5.911130078125,
                        5.86735390625,
                        5.676941015625
                  ],
                  "microbatches": [
                        0,
                        7247,
                        14494,
                        21741,
                        28988,
                        36235,
                        43482
                  ]
            }
      },
      "locals": {
            "width": 384,
            "width_per_step": 128,
            "min_heads": 16,
            "width_per_head": 128,
            "context": 512,
            "temperature": 1,
            "target_microbatch_size": 69,
            "macrobatch_size": 500,
            "source_batch_mult": 2.0,
            "buffer_size_mult": 20,
            "batches": 300000,
            "reset_prob": 0.01,
            "width0": 640,
            "base_lr": 0.0003,
            "debug": false,
            "warmup": 1000000,
            "eval_every": 500000,
            "print_every": 500,
            "gc": 1.0,
            "eval_samples": 10000,
            "weight_mult1": 2,
            "weight_mult2": 4,
            "weight_multb": 4,
            "source_mask": true,
            "mask_prob_max": 0.7,
            "skip_eval": false,
            "eval_ood": true,
            "name": "scaling-384-o4-l3e-4-m69",
            "eval_batch_mult": 2.0,
            "cp_every": 500000,
            "dp": false,
            "mbwarmup": 1000000,
            "mb_min": 69,
            "mb_start": 500000,
            "old_init": false,
            "init_factor": 1,
            "skip_mup": false,
            "out_factor": 4,
            "weight_decay": 0.0,
            "sqrt_attn_scale": false,
            "attn_factor": 1.0,
            "source_width": null,
            "source_microbatch_size": 138,
            "nl_source": "relu",
            "nl_target": "relu",
            "kqnorm": false,
            "save_to": null,
            "depth_factor": 1.0,
            "unfreeze_time": 10000,
            "loglayers": [
                  1,
                  18,
                  22
            ],
            "count_flops": false,
            "depth": 16,
            "buffer_size": 2760,
            "heads": 16,
            "swidth": 384,
            "sdepth": 16,
            "sheads": 16,
            "wdname": "scaling-384-o4-l3e-4-m69",
            "wd": "<not serializable>",
            "datasets": {
                  "champ": "<not serializable>",
                  "dyck": "<not serializable>",
                  "ndfa": "<not serializable>",
                  "toy": "<not serializable>",
                  "bits": "<not serializable>",
                  "wp": "<not serializable>"
            },
            "scaler": "<not serializable>",
            "model": "<not serializable>",
            "opt": "<not serializable>",